dose,focus,status,cd_true,defect,cd_unet,cd_cl,pred
28.0,-200.0,2,,fail,,,
28.0,-175.0,2,,fail,,,
28.0,-150.0,0,138.56590691248402,bridge,137.34221365266947,35.294481620969194,bridge
28.0,-125.0,0,115.89570923276396,bridge,116.02100851350932,116.05851912265352,bridge
28.0,-100.0,0,113.62164974909167,bridge,113.39584829622416,113.6277405908092,bridge
28.0,-75.0,0,105.54772235396133,particle,105.13877584749369,105.16180725539272,particle
28.0,-50.0,0,104.84743771806531,bridge,104.70559408479838,105.07388371421551,bridge
28.0,-25.0,0,104.19392279097673,none,104.30064871126322,104.33937590008095,none
28.0,0.0,0,102.73595750521082,bridge,102.31515981966166,102.49854746763661,bridge
28.0,25.0,0,102.86265398650569,none,102.89323904329447,103.16667947800106,none
28.0,50.0,0,107.20869436125959,none,107.15544607454447,107.22148423039543,none
28.0,75.0,0,105.27354208447304,none,105.21489431673197,105.23268731818986,none
28.0,100.0,0,110.75641061583575,bridge,110.93486501985697,111.12084905133453,bridge
28.0,125.0,0,118.36159038725309,none,118.7012529593101,118.55129845062494,none
28.0,150.0,0,140.47453954596133,bridge,140.23473074251322,140.8853275977953,bridge
28.0,175.0,0,152.6515961516706,bridge,144.5117998343101,29.952358819639542,bridge
28.0,200.0,2,,fail,,,
29.5,-200.0,0,155.15153753902226,bridge,151.85661794954447,40.713265881688855,bridge
29.5,-175.0,0,120.13075431900282,bridge,120.23306753450541,120.21568420792995,bridge
29.5,-150.0,0,107.7902550149325,bridge,108.33412649446635,108.28986008027793,bridge
29.5,-125.0,0,101.2684611871079,none,101.32037832552103,101.2422262908274,none
29.5,-100.0,0,104.46564541328978,none,104.5448808889976,104.39170556446493,none
29.5,-75.0,0,99.79021335775387,none,99.86517813020853,99.94730555523954,none
29.5,-50.0,0,96.64874115509066,none,96.7766924124351,96.9108620469041,none
29.5,-25.0,0,98.89104750700379,none,98.78545095735697,98.97603702411784,none
29.5,0.0,0,97.37766547543981,none,96.99969961458353,97.31591703963078,none
29.5,25.0,0,97.1661173612356,none,97.17619802766947,97.34541251624324,none
29.5,50.0,0,98.72563374958041,none,98.85294058138041,98.69612898246383,none
29.5,75.0,0,99.7553764852478,none,99.77936270052103,99.58699088136295,none
29.5,100.0,0,99.32618923642765,bridge,99.1603594046226,99.06578171221825,bridge
29.5,125.0,0,105.36769153117928,none,105.20424368196635,105.03609120089031,none
29.5,150.0,0,106.26909625073775,bridge,106.2600679617515,106.80207873983137,bridge
29.5,175.0,0,123.16554956297276,bridge,123.68939688020853,123.49824518055415,bridge
29.5,200.0,2,,fail,,,
31.0,-200.0,0,109.0243681969168,bridge,109.01767446809916,107.95442559815304,bridge
31.0,-175.0,0,98.10879013002658,none,98.08733084016947,98.6766660603981,none
31.0,-150.0,0,94.28607626056504,none,94.50156118684916,94.30997809371891,none
31.0,-125.0,0,95.47585250307172,none,95.40012075716166,95.44540066038,none
31.0,-100.0,0,93.5006703387778,none,93.61906912141947,94.19820243806505,none
31.0,-75.0,0,94.49530450685522,none,94.63410665804057,94.65537583542583,none
31.0,-50.0,0,90.59324615140814,none,90.4478349905601,90.59797676929037,none
31.0,-25.0,0,93.8148190686481,none,93.69534780794291,93.80330381263057,none
31.0,0.0,0,90.82933808794581,none,90.77512838655619,90.95867691242485,none
31.0,25.0,0,91.15375508656443,none,91.19070913606791,91.48169790377223,none
31.0,50.0,0,93.92724235078327,none,93.83910085970072,94.32164905983198,none
31.0,75.0,0,91.74395643995263,bridge,91.62856008821635,91.95832120197299,bridge
31.0,100.0,0,93.16944901845092,none,93.17513754182963,93.19285293755455,none
31.0,125.0,0,92.39704157221229,none,92.73535635286478,92.60040762214324,none
31.0,150.0,0,93.749911347178,none,93.8764238577476,93.89202470480434,none
31.0,175.0,0,93.76966672206355,none,93.73243429475932,93.58567955241394,none
31.0,200.0,0,104.3327890605646,none,104.34854605013041,104.24101837328159,none
32.5,-200.0,0,56.60517569794674,none,56.813138030110885,56.568810450179825,none
32.5,-175.0,0,69.51244235032203,none,69.56925680452494,69.87683577118148,none
32.5,-150.0,0,82.63764350748859,none,82.29160024934916,82.51132522975725,none
32.5,-125.0,0,83.42979755493148,none,83.60227682405619,83.50522667319721,none
32.5,-100.0,0,84.55817286772354,none,84.63145162874369,84.60260870101445,none
32.5,-75.0,0,85.42539916365546,none,85.3020601492515,85.3703703238287,none
32.5,-50.0,0,83.91105952430081,none,83.86381246858744,83.97001414511185,none
32.5,-25.0,0,87.24964011596165,none,87.20720388704447,87.36505892443651,none
32.5,0.0,0,87.70932690115067,none,87.69975759798197,87.70303678346666,none
32.5,25.0,0,88.4186448755301,none,88.4134111624351,88.40714056879024,none
32.5,50.0,0,86.79346153838362,none,86.66328146272807,86.90781884383185,none
32.5,75.0,0,86.75130110653501,none,86.64571859651713,87.07060890369915,none
32.5,100.0,0,85.82064271378133,none,85.8296480398765,85.33080921567289,none
32.5,125.0,0,82.62700493576577,none,82.6199541311851,82.6181733938163,none
32.5,150.0,0,77.26243152483707,none,77.40750601106791,77.33178507305499,none
32.5,175.0,0,68.77633060245577,none,68.68120291048197,68.55965999787503,none
32.5,200.0,0,53.96861944510067,break,53.24847891145854,53.41986911288576,break
34.0,-200.0,0,11.759132105381806,break,15.645485899983932,12.513835319192001,break
34.0,-175.0,0,52.31517691433107,break,52.449490569173385,52.273507316829736,none
34.0,-150.0,0,66.93624853257815,break,67.02829458528666,66.56457284405826,break
34.0,-125.0,0,73.20875919015876,particle,73.25725271516947,73.33850160771739,particle
34.0,-100.0,0,79.96536373034112,none,80.08866598421244,80.04330768624375,none
34.0,-75.0,0,81.49861411923565,none,81.29415609651713,81.48671879118854,none
34.0,-50.0,0,82.53410401354103,none,82.71844961458353,82.66756056665473,none
34.0,-25.0,0,81.15301737406804,none,81.10001089388041,81.10264874121053,none
34.0,0.0,0,82.79209454162881,none,82.58164694124369,82.93961322600678,none
34.0,25.0,0,81.88257863208547,none,81.94717886263041,82.09286209597498,none
34.0,50.0,0,80.13468144587742,none,80.12244894319682,80.390921244043,none
34.0,75.0,0,82.31310357600061,none,82.2323808889976,82.35014011009,none
34.0,100.0,0,79.32532432265417,none,79.39320852571635,79.30668106657058,none
34.0,125.0,0,71.8469462750778,none,71.79238607698588,71.98845169113106,none
34.0,150.0,0,65.67616836878419,break,66.369076750814,65.9929555063728,break
34.0,175.0,0,49.26065053526306,break,49.03062536531596,48.91818373929679,break
34.0,200.0,1,,fail,,,
35.5,-200.0,1,,fail,,,
35.5,-175.0,0,32.5149085544964,break,32.7189760428062,32.34845967666357,break
35.5,-150.0,0,52.82949095404168,break,53.47406484895854,53.43225576965766,break
35.5,-125.0,0,67.68451046387196,none,67.70944692903666,68.29023428623422,none
35.5,-100.0,0,72.62854434766258,none,72.54192068391947,72.71099179208092,none
35.5,-75.0,0,73.1650243863835,none,73.10720541292338,73.34858217190354,none
35.5,-50.0,0,76.07806936552167,none,76.16254141145853,76.34432057555411,none
35.5,-25.0,0,79.04445018398636,none,79.08632376009135,79.3256177101833,none
35.5,0.0,0,79.4624601501357,none,79.42890646272807,79.52928370490251,none
35.5,25.0,0,76.96356107522826,break,77.03333761507182,77.11845180563567,break
35.5,50.0,0,77.45021038398838,none,77.40021230989603,77.5235393149491,none
35.5,75.0,0,75.11116442927103,none,75.06850149446635,75.42159826658856,none
35.5,100.0,0,70.21060748925237,none,70.34172537141947,70.4787214822962,none
35.5,125.0,0,65.05664819737939,break,65.1324167471519,65.11114681128694,break
35.5,150.0,0,46.70907649756743,break,47.03020956331401,46.52102014600156,break
35.5,175.0,1,,fail,,,
35.5,200.0,1,,fail,,,
